<?xml version="1.0" encoding="UTF-8"?>
<project-private xmlns="http://www.netbeans.org/ns/project-private/1">
    <editor-bookmarks xmlns="http://www.netbeans.org/ns/editor-bookmarks/2" lastBookmarkId="0"/>
    <open-files xmlns="http://www.netbeans.org/ns/projectui-open-files/2">
        <group>
            <file>file:/home/leandro/NetBeansProjects/Controle%20de%20Estoque/src/control/Sgbd.java</file>
            <file>file:/home/leandro/NetBeansProjects/Controle%20de%20Estoque/src/control/Reflection.java</file>
            <file>file:/home/leandro/NetBeansProjects/Controle%20de%20Estoque/src/view/InsertUserUI.java</file>
            <file>file:/home/leandro/NetBeansProjects/Controle%20de%20Estoque/src/model/Settings.java</file>
            <file>file:/home/leandro/NetBeansProjects/Controle%20de%20Estoque/src/view/MainUI.java</file>
            <file>file:/home/leandro/NetBeansProjects/Controle%20de%20Estoque/src/control/Main.java</file>
            <file>file:/home/leandro/NetBeansProjects/Controle%20de%20Estoque/src/view/LoginUI.java</file>
            <file>file:/home/leandro/NetBeansProjects/Controle%20de%20Estoque/src/control/Teste.java</file>
        </group>
    </open-files>
</project-private>
